"","X","no.","longitude","latitude","magnitude","time","depth","year","month","day"
"3",3,3,-116.382,33.383,4.41,2.93741064814782,6,1938,1,4
"76",76,76,-115.27,32.636,3.72,102.707111458333,6,1938,4,13
"125",125,125,-115.165,32.245,4.19,153.527114699075,6,1938,6,3
"168",168,168,-117.545,33.691,4.27,185.671820833334,6,1938,7,5
"215",215,215,-118.277,33.767,4.35,242.054673032407,6,1938,8,31
"283",283,283,-116.069,32.571,3.62,347.918812384259,6,1938,12,15
"374",374,374,-115.256,32.794,4.11,444.494045138889,6,1939,3,21
"414",414,414,-120.745,35.896,4.18,486.701334606481,6,1939,5,2
"511",511,511,-119.348,33.123,3.5,648.18908287037,6,1939,10,11
"562",562,562,-118.328,33.744,4.51,725.728683101852,6,1939,12,27
"602",602,602,-115.818,33.401,3.55,769.409211921296,6,1940,2,9
"647",647,647,-116.262,34.042,4.52,868.170155324074,6,1940,5,18
"658",658,658,-115.5,32.833,4.4,869.127985300925,6,1940,5,19
"669",669,669,-115.5,32.833,4.01,869.423592708333,6,1940,5,19
"684",684,684,-116.352,33.98,3.68,872.188996643518,6,1940,5,22
"699",699,699,-116.216,34.152,4.37,882.204834722223,6,1940,6,1
"722",722,722,-116.421,34.198,3.58,887.908587615741,6,1940,6,6
"753",753,753,-116.171,34.088,3.7,904.213634722222,6,1940,6,23
"791",791,791,-120.574,36.289,4.02,955.838851041667,6,1940,8,13
"847",847,847,-118.479,33.726,3.71,1036.04091666667,6,1940,11,2
"889",889,889,-118.067,33.992,3.98,1124.98284201389,13.5,1941,1,30
"949",949,949,-115.82,33.011,3.71,1213.04147372685,6,1941,4,28
"994",994,994,-119.623,34.185,3.9,1277.35120416667,13.8,1941,7,1
"1059",1059,1059,-119.633,34.15,3.81,1346.05201585648,6,1941,9,8
"1105",1105,1105,-119.624,34.212,4.25,1420.62259548611,9.9,1941,11,21
"1156",1156,1156,-116.793,34.415,4.39,1492.58615810185,6,1942,2,1
"1199",1199,1199,-118.218,33.301,3.87,1566.18684768519,6,1942,4,16
"1262",1262,1262,-120.8,35.6,3.9,1640.75568090278,6,1942,6,29
"1291",1291,1291,-118.983,34.664,4.53,1707.14933564815,20,1942,9,4
"1319",1319,1319,-116.062,32.962,4.3,1754.56611435185,6,1942,10,21
"1331",1331,1331,-116.05,32.915,3.68,1755.92496747685,6,1942,10,23
"1345",1345,1345,-116.152,33.045,4.37,1763.10855810185,6,1942,10,30
"1368",1368,1368,-116.126,32.851,3.53,1786.1530556713,6,1942,11,22
"1463",1463,1463,-115.957,33.035,3.69,1910.14615381944,6,1943,3,26
"1520",1520,1520,-116.262,33.212,4.33,1994.55300578704,6,1943,6,18
"1587",1587,1587,-116.699,33.986,3.51,2109.07908194444,6,1943,10,11
"1610",1610,1610,-116,33,3.85,2131.58180520833,6,1943,11,2
"1655",1655,1655,-118.834,35.535,3.5,2219.01866539352,6,1944,1,29
"1701",1701,1701,-118.545,33.719,3.66,2332.70784594907,6,1944,5,21
"1725",1725,1725,-116.698,33.982,3.58,2354.88886030093,6,1944,6,13
"1757",1757,1757,-117.847,35.368,4.57,2375.11034293981,6,1944,7,3
"1793",1793,1793,-120.717,34.669,3.52,2437.99181921296,6,1944,9,4
"1820",1820,1820,-116.757,34.015,4.22,2492.6463755787,6,1944,10,28
"1902",1902,1902,-116.134,32.028,4.25,2616.34754976852,6,1945,3,1
"1946",1946,1946,-117.751,35.409,3.66,2686.88223240741,6,1945,5,11
"2016",2016,2016,-117.207,34.183,3.53,2860.77945405093,1.6,1945,10,31
"2078",2078,2078,-117.944,35.702,6.3,2995.49313333333,6,1946,3,15
"2090",2090,2090,-117.8,35.667,3.6,2996.24569016204,6,1946,3,16
"2102",2102,2102,-118.033,35.733,3.9,2996.82033136574,6,1946,3,16
"2114",2114,2114,-118.033,35.733,3.7,2997.48089849537,6,1946,3,17
"2127",2127,2127,-117.709,35.75,4.58,2998.33779618056,6,1946,3,18
"2172",2172,2172,-117.921,35.653,4.06,3005.90087789352,6,1946,3,25
"2266",2266,2266,-115.704,33.986,4.7,3076.42079039352,6,1946,6,4
"2323",2323,2323,-117.577,35.678,3.81,3120.12676273148,6,1946,7,18
"2410",2410,2410,-116.847,33.417,3.55,3222.8355150463,16.4,1946,10,28
"2555",2555,2555,-116.531,34.983,6.5,3386.58234652778,6,1947,4,10
"2571",2571,2571,-116.517,34.933,4.14,3386.6346369213,6,1947,4,10
"2625",2625,2625,-116.343,34.85,3.82,3388.67017465278,6,1947,4,12
"2664",2664,2664,-116.486,34.925,3.56,3397.72412094907,6,1947,4,21
"2784",2784,2784,-119.409,34.318,3.63,3462.78913865741,1,1947,6,25
"2834",2834,2834,-116.442,34.003,3.6,3492.05718831019,6,1947,7,25
"2871",2871,2871,-116.526,33.992,3.84,3496.60887222222,6,1947,7,29
"3010",3010,3010,-116.554,34.882,3.85,3607.50533391204,6,1947,11,17
"3111",3111,3111,-118.585,32.498,5.2,3706.26088090278,6,1948,2,24
"3257",3257,3257,-117.817,34.086,3.67,3850.91964953704,2.7,1948,7,18
"3350",3350,3350,-116.436,34.322,3.54,3967.89269976852,6,1948,11,12
"3389",3389,3389,-116.389,33.921,3.5,3990.92846631944,6,1948,12,5
"3552",3552,3552,-116.476,34.965,4.5,4020.48899074074,6,1949,1,3
"3676",3676,3676,-116.096,33.938,3.9,4139.69561296296,6,1949,5,2
"3757",3757,3757,-115.856,33.967,3.56,4159.99170694444,6,1949,5,23
"3871",3871,3871,-120.8,34.305,4.12,4255.62012152778,6,1949,8,26
"3923",3923,3923,-120.924,34.07,3.63,4312.24802858796,6,1949,10,22
"3967",3967,3967,-116.652,32.273,3.64,4327.87896574074,6,1949,11,6
"4051",4051,4051,-116.412,33.978,3.97,4395.13042974537,6,1950,1,13
"4188",4188,4188,-115.663,33.862,3.71,4521.06885532407,6,1950,5,19
"4239",4239,4239,-115.543,32.979,3.84,4590.41492731482,6,1950,7,27
"4249",4249,4249,-115.412,33.116,3.55,4591.2251099537,6,1950,7,28
"4259",4259,4259,-115.562,33.077,4.02,4591.70103194444,6,1950,7,28
"4269",4269,4269,-115.5,33,3.6,4592.48784293981,6,1950,7,29
"4288",4288,4288,-115.448,32.869,3.55,4598.07713043982,6,1950,8,4
"4431",4431,4431,-115.699,36.907,3.7,4692.68571990741,6,1950,11,6
"4550",4550,4550,-115.119,32.622,5.95,4771.22039641204,6,1951,1,24
"4584",4584,4584,-116.857,34.028,3.72,4816.57840324074,20,1951,3,10
"4652",4652,4652,-117.938,35.788,3.59,4928.8866806713,0,1951,7,1
"4723",4723,4723,-116.286,33.272,3.64,5020.57650636574,6,1951,9,30
"4784",4784,4784,-118.305,32.916,5.75,5106.94958402778,6,1951,12,26
"4834",4834,4834,-117.222,34.014,4.39,5160.44268159722,13.8,1952,2,17
"4899",4899,4899,-115,36,3.67,5258.42159293982,6,1952,5,25
"4931",4931,4931,-119.033,35,4.5,5315.37117627315,0,1952,7,21
"4941",4941,4941,-118.585,35.089,4.17,5315.38793935185,6,1952,7,21
"4951",4951,4951,-118.981,34.997,4.51,5315.42610578704,6,1952,7,21
"4962",4962,4962,-118.574,35.296,4.26,5315.48827962963,6,1952,7,21
"4972",4972,4972,-118.966,34.968,4.42,5315.53720300926,6,1952,7,21
"4988",4988,4988,-118.512,35.235,4.09,5315.7233193287,1,1952,7,21
"5001",5001,5001,-118.467,35.142,4.49,5315.94551041667,6,1952,7,22
"5012",5012,5012,-119.036,35.002,4.02,5316.30565023148,6,1952,7,22
"5022",5022,5022,-118.817,35.118,4.12,5316.75184733796,6,1952,7,22
"5032",5032,5032,-118.445,35.26,4.17,5317.13281493056,6,1952,7,23
"5042",5042,5042,-118.542,35.284,4.43,5317.5549505787,6,1952,7,23
"5052",5052,5052,-118.938,35.035,4.03,5317.76212534722,6,1952,7,23
"5069",5069,5069,-119.051,35.092,3.85,5318.0986775463,6,1952,7,24
"5079",5079,5079,-118.538,35.233,4.26,5318.60804791667,6,1952,7,24
"5099",5099,5099,-118.749,35.103,4.42,5319.48277962963,6,1952,7,25
"5110",5110,5110,-118.588,35.311,3.91,5320.38873043981,0.3,1952,7,26
"5124",5124,5124,-118.599,35.362,4.06,5321.19176678241,6,1952,7,27
"5137",5137,5137,-118.729,35.144,3.73,5322.33957037037,6,1952,7,28
"5147",5147,5147,-118.504,35.334,3.77,5323.30558043981,6,1952,7,29
"5158",5158,5158,-118.645,35.095,3.7,5325.45752326389,6,1952,7,31
"5168",5168,5168,-118.438,35.359,4.03,5327.95308043981,6,1952,8,3
"5179",5179,5179,-121.022,34.429,3.57,5332.67750763889,6,1952,8,7
"5193",5193,5193,-118.534,35.261,4.16,5338.76826689815,1,1952,8,13
"5203",5203,5203,-118.583,35.284,3.81,5344.25139930556,6,1952,8,19
"5219",5219,5219,-118.483,35.318,4.71,5355.08089236111,0.1,1952,8,30
"5237",5237,5237,-118.615,35.222,3.98,5370.73881215278,5.4,1952,9,14
"5254",5254,5254,-118.675,35.431,4.13,5388.8825162037,0.1,1952,10,2
"5270",5270,5270,-118.495,35.37,3.69,5414.78703101852,0.2,1952,10,28
"5286",5286,5286,-118.374,36.116,3.77,5434.05617928241,6,1952,11,17
"5308",5308,5308,-118.857,34.979,4.41,5448.14351145833,4.7,1952,12,1
"5342",5342,5342,-115.804,32.393,3.92,5476.0459087963,6,1952,12,29
"5385",5385,5385,-118.538,35.378,3.89,5508.46677395833,6,1953,1,30
"5450",5450,5450,-118.746,35.43,3.66,5535.099653125,3.7,1953,2,26
"5507",5507,5507,-116.232,32.236,3.66,5574.17761226852,6,1953,4,6
"5579",5579,5579,-121.297,36.458,3.85,5613.03039756945,6,1953,5,15
"5606",5606,5606,-118.952,35.055,3.7,5628.28710798611,1.4,1953,5,30
"5668",5668,5668,-120.784,35.916,4.46,5651.51599259259,6,1953,6,22
"5771",5771,5771,-118.609,35.183,3.61,5725.5255130787,2,1953,9,4
"5819",5819,5819,-119.722,34.295,3.84,5772.58550034722,4.5,1953,10,21
"5876",5876,5876,-118.223,33.389,3.58,5816.64479293981,6,1953,12,4
"5939",5939,5939,-119.091,35.06,3.52,5855.95504988426,0,1954,1,13
"5991",5991,5991,-115.377,32.657,4.41,5875.13238148148,6,1954,2,1
"6033",6033,6033,-118.552,35.281,3.5,5908.11831516204,6,1954,3,6
"6064",6064,6064,-116.065,33.268,3.65,5921.34259537037,6,1954,3,19
"6083",6083,6083,-116.172,33.227,3.62,5921.3609494213,6,1954,3,19
"6110",6110,6110,-116.188,33.259,3.61,5921.645734375,6,1954,3,19
"6138",6138,6138,-116.205,33.239,3.67,5925.10001689815,6,1954,3,23
"6183",6183,6183,-118.486,35.278,3.8,5943.13851875,6,1954,4,10
"6257",6257,6257,-118.51,35.591,3.72,5988.32560347222,1.6,1954,5,25
"6355",6355,6355,-119.541,33.87,4.76,6081.45036157407,6,1954,8,26
"6421",6421,6421,-115.562,32.018,4.07,6159.48999918981,6,1954,11,12
"6487",6487,6487,-115.327,33.748,4.31,6236.42416331019,6,1955,1,28
"6570",6570,6570,-115.534,32.942,3.55,6339.69996238426,6,1955,5,11
"6613",6613,6613,-116.029,33.232,3.51,6388.80718402778,6,1955,6,29
"6693",6693,6693,-119.09,35.161,3.6,6487.34737488426,6,1955,10,6
"6745",6745,6745,-119.033,35.014,3.8,6540.54510856481,3.4,1955,11,28
"6796",6796,6796,-115.401,32.798,3.82,6559.54099733796,6,1955,12,17
"6845",6845,6845,-120.35,36.226,3.6,6619.74886226852,6,1956,2,15
"6874",6874,6874,-116.768,34.292,4.37,6649.89961134259,1.9,1956,3,16
"6923",6923,6923,-115.562,33.12,3.5,6714.23506608796,6,1956,5,20
"7006",7006,7006,-116.053,33.759,3.66,6819.1019505787,6,1956,9,2
"7042",7042,7042,-121.77,36.85,3.94,6857.439215625,6,1956,10,10
"7094",7094,7094,-116.747,34.186,3.8,6956.62068414352,9.7,1957,1,17
"7118",7118,7118,-118.612,35.261,3.98,6989.6139724537,6,1957,2,19
"7155",7155,7155,-115.965,33.721,4.13,7031.09949201389,3,1957,4,2
"7185",7185,7185,-116.028,33.223,5.05,7054.8504962963,6,1957,4,25
"7218",7218,7218,-115.531,32.241,4.46,7094.855153125,6,1957,6,4
"7259",7259,7259,-115.553,33.709,3.83,7161.51617766204,8.3,1957,8,10
"7315",7315,7315,-118.638,35.201,3.52,7266.4040525463,6,1957,11,23
"7353",7353,7353,-119.251,34.879,3.94,7315.88143993055,2.9,1958,1,11
"7407",7407,7407,-119.081,35.111,3.53,7450.72504826389,6,1958,5,26
"7480",7480,7480,-121.044,36.203,3.61,7534.10502071759,6,1958,8,18
"7519",7519,7519,-115.65,32.323,3.52,7623.31314571759,6,1958,11,15
"7533",7533,7533,-115.8,32.15,4.6,7639.16909293981,6,1958,12,1
"7544",7544,7544,-115.8,32.199,4.28,7645.95362766204,6,1958,12,8
"7568",7568,7568,-115.841,32.111,3.55,7662.76976354167,6,1958,12,24
"7589",7589,7589,-115.769,32.162,3.55,7686.2117150463,6,1959,1,17
"7622",7622,7622,-115.953,32.177,3.76,7732.62497650463,6,1959,3,4
"7681",7681,7681,-115.857,32.623,3.77,7830.59818553241,6,1959,6,10
"7711",7711,7711,-117.228,33.988,3.7,7873.01496446759,14.2,1959,7,23
"7771",7771,7771,-117.887,35.962,3.85,7929.21649456019,0.9,1959,9,17
"7803",7803,7803,-118.03,35.75,3.68,7966.59159976852,6,1959,10,24
"7873",7873,7873,-115.766,32.452,3.71,8087.87377939815,6,1960,2,22
"7911",7911,7911,-116,33.124,3.57,8173.17324108796,6,1960,5,18
"7961",7961,7961,-114.998,32.196,3.7,8257.68068668981,6,1960,8,10
"8002",8002,8002,-119.257,35.29,3.73,8346.79970243056,6,1960,11,7
"8053",8053,8053,-119.391,35.613,3.81,8443.86809606481,6,1961,2,12
"8097",8097,8097,-115.998,33.095,4.29,8518.18806481481,6,1961,4,28
"8138",8138,8138,-115.332,32.864,3.99,8609.1582,6,1961,7,28
"8176",8176,8176,-115.35,32.5,4.1,8655.68133831019,4.1,1961,9,12
"8224",8224,8224,-117.754,33.853,4.4,8677.0152837963,0.6,1961,10,4
"8286",8286,8286,-118.987,34.946,4.97,8719.1523755787,5.5,1961,11,15
"8334",8334,8334,-121.154,34.963,3.85,8797.24901446759,6,1962,2,1
"8377",8377,8377,-118.555,35.244,3.5,8856.29854270833,6,1962,4,1
"8459",8459,8459,-119.06,35.061,3.62,8987.67999606481,3.9,1962,8,10
"8504",8504,8504,-116.866,34.349,4.97,9067.03013125,6,1962,10,29
"8546",8546,8546,-116.938,34.329,4.33,9099.91082685185,6,1962,11,30
"8574",8574,8574,-120.711,36.351,3.82,9113.94500578704,6,1962,12,15
"8603",8603,8603,-118.343,33.94,3.5,9179.624575,14.9,1963,2,18
"8667",8667,8667,-115.642,32.995,4.24,9273.15073738426,6,1963,5,23
"8717",8717,8717,-116.188,34.149,3.61,9328.84139733796,6,1963,7,17
"8752",8752,8752,-118.013,33.758,3.72,9364.38450451389,6,1963,8,22
"8809",8809,8809,-116.89,35.448,3.87,9428.50409224537,9.6,1963,10,25
"8824",8824,8824,-118.269,33.551,3.56,9430.77542037037,6,1963,10,27
"8875",8875,8875,-118.349,35.442,4.22,9497.74248854167,6,1964,1,2
"8928",8928,8928,-118.704,35.467,3.53,9564.78503240741,4.2,1964,3,9
"8987",8987,8987,-117.135,32.638,3.86,9692.00804074074,6,1964,7,15
"9021",9021,9021,-115.876,33.055,4.32,9773.93431944444,6,1964,10,5
"9074",9074,9074,-117.509,34.129,4.46,9862.25332650463,3.3,1965,1,1
"9137",9137,9137,-121.57,36.124,4,9960.45184166667,6,1965,4,9
"9170",9170,9170,-115.622,33.079,4.3,10027.9879162037,6,1965,6,16
"9206",9206,9206,-116.076,33.753,3.52,10060.540740162,4.1,1965,7,18
"9244",9244,9244,-116.08,33.248,3.69,10099.4513467593,6,1965,8,26
"9290",9290,9290,-116.764,34.011,3.72,10155.2385599537,6,1965,10,21
"9370",9370,9370,-116.44,33.163,3.54,10252.8233368056,6,1966,1,26
"9461",9461,9461,-120.188,35.809,4.69,10405.0482581019,6,1966,6,28
"9485",9485,9485,-120.205,35.798,3.81,10406.9292501157,6,1966,6,30
"9564",9564,9564,-116.389,33.175,3.55,10485.8296292824,6,1966,9,16
"9685",9685,9685,-118.335,33.582,3.5,10599.2590258102,6,1967,1,8
"9760",9760,9760,-116.092,32.055,3.67,10639.2593869213,6,1967,2,17
"9819",9819,9819,-119.323,35.414,3.5,10695.8666855324,14.2,1967,4,14
"9923",9923,9923,-116.582,33.515,4.09,10813.9150628472,19.3,1967,8,11
"10028",10028,10028,-116.998,36.513,3.52,10960.3237539352,6,1968,1,4
"10125",10125,10125,-116.026,33.044,3.62,11056.0335525463,6,1968,4,9
"10149",10149,10149,-116.117,33.167,3.6,11056.2339424769,6,1968,4,9
"10183",10183,10183,-116.047,33.23,3.83,11057.4816381944,6,1968,4,10
"10245",10245,10245,-116.838,32.015,4.17,11070.4714511574,6,1968,4,23
"10361",10361,10361,-119.7,34.2,3.96,11134.6331103009,10.7,1968,6,26
"10396",10396,10396,-119.743,34.086,3.96,11142.9838369213,1.4,1968,7,5
"10449",10449,10449,-116.504,34.064,3.74,11175.3049751157,6,1968,8,6
"10565",10565,10565,-115.444,32.76,3.85,11319.9079763889,6,1968,12,28
"10613",10613,10613,-115.561,32.934,3.69,11363.5474332176,6,1969,2,10
"10727",10727,10727,-116.178,33.359,4.47,11461.4868335648,6,1969,5,19
"10820",10820,10820,-116.602,35.105,3.55,11502.9734739583,0,1969,6,30
"11009",11009,11009,-121.522,34.523,3.96,11617.6074549769,6,1969,10,22
"11033",11033,11033,-121.475,34.823,3.53,11619.6761188657,6,1969,10,24
"11069",11069,11069,-121.581,34.493,4.38,11629.9452675926,6,1969,11,4
"11098",11098,11098,-115.665,32.094,3.55,11637.4983658565,6,1969,11,11
"11202",11202,11202,-121.566,34.574,3.7,11695.625734838,6,1970,1,8
"11331",11331,11331,-117.695,36.465,3.5,11825.7160850694,6,1970,5,18
"11522",11522,11522,-117.534,34.255,5.22,11942.4801230324,10.8,1970,9,12
"11688",11688,11688,-117.578,35.76,4.28,12051.4620261574,5.3,1970,12,30
"11750",11750,11750,-118.37,34.416,4.5,12092.5016512731,6,1971,2,9
"11760",11760,11760,-118.37,34.416,3.5,12092.5024244213,6,1971,2,9
"11770",11770,11770,-118.37,34.416,4.1,12092.5035563657,6,1971,2,9
"11780",11780,11780,-118.37,34.416,3.7,12092.504633912,6,1971,2,9
"11790",11790,11790,-118.37,34.416,4.6,12092.5065202546,6,1971,2,9
"11800",11800,11800,-118.316,34.353,4.15,12092.5158179398,7.6,1971,2,9
"11813",11813,11813,-118.37,34.416,3.5,12092.5267658565,6,1971,2,9
"11838",11838,11838,-118.424,34.374,3.65,12092.5687417824,0,1971,2,9
"11870",11870,11870,-118.399,34.295,3.51,12092.668640625,6,1971,2,9
"11902",11902,11902,-118.453,34.355,3.73,12092.9852479167,13.3,1971,2,10
"11930",11930,11930,-118.394,34.406,4.22,12093.3972634259,0.3,1971,2,10
"11950",11950,11950,-118.298,34.363,3.71,12093.9378446759,1.9,1971,2,11
"12005",12005,12005,-118.595,34.185,3.67,12102.2562314815,12,1971,2,19
"12037",12037,12037,-116.818,34.574,3.59,12110.1531706019,6,1971,2,27
"12111",12111,12111,-118.435,34.291,3.96,12141.2883391204,0.8,1971,3,30
"12163",12163,12163,-120.095,33.68,3.74,12169.1642292824,6,1971,4,27
"12250",12250,12250,-121.633,36.975,3.57,12222.2211630787,6,1971,6,19
"12413",12413,12413,-115.548,32.752,3.85,12325.8735773148,6,1971,9,30
"12509",12509,12509,-118.873,34.785,3.53,12399.7813637731,10.8,1971,12,13
"12555",12555,12555,-116.138,34.293,3.78,12445.6255956019,6,1972,1,28
"12617",12617,12617,-115.586,32.35,4.48,12493.9371619213,6,1972,3,17
"12919",12919,12919,-118.618,35.438,3.62,12662.1344225694,0,1972,9,1
"13111",13111,13111,-116.789,34.009,3.55,12740.5480125,6,1972,11,18
"13364",13364,13364,-115.492,36.635,3.97,12823.8826642361,6,1973,2,9
"13468",13468,13468,-118.978,33.968,3.59,12858.9549108796,6,1973,3,17
"13935",13935,13935,-121.89,36.512,3.6,12973.7506783565,6,1973,7,9
"14615",14615,14615,-117.036,34.353,3.71,13167.4264673611,6,1974,1,19
"14919",14919,14919,-116.394,34.552,4.05,13243.3217568287,6,1974,4,5
"15105",15105,15105,-116.28,34.522,3.81,13350.6111648148,6,1974,7,21
"15509",15509,15509,-118.354,35.765,3.51,13449.3004234954,5.8,1974,10,28
"15835",15835,15835,-115.492,32.915,4.39,13536.4557743056,10.3,1975,1,23
"15945",15945,15945,-115.483,32.933,3.89,13537.6857091435,14.7,1975,1,24
"16308",16308,16308,-115.476,32.188,4.26,13567.6719094907,6,1975,2,23
"17199",17199,17199,-120.779,36.023,3.51,13675.6543078704,6,1975,6,11
"17772",17772,17772,-119.177,35.125,3.78,13739.0628222222,6,1975,8,14
"18399",18399,18399,-116.327,34.292,4.21,13861.6783515046,2.3,1975,12,14
"18621",18621,18621,-115.469,32.095,4.17,13888.9624751157,13,1976,1,11
"18829",18829,18829,-115.073,32.249,3.79,13916.2947393519,0.7,1976,2,7
"19287",19287,19287,-115.463,32.084,3.51,13969.5464693287,14,1976,3,31
"19769",19769,19769,-115.667,32.08,3.82,14011.2603587963,19.4,1976,5,12
"20546",20546,20546,-116.522,33.492,4.3,14102.5176517361,20.8,1976,8,11
"21560",21560,21560,-115.611,33.124,3.74,14187.1861746528,6,1976,11,4
"21984",21984,21984,-120.407,36.296,3.7,14198.6748384259,0.7,1976,11,15
"23016",23016,23016,-120.4,35.962,3.76,14268.670644213,6,1977,1,24
"24765",24765,24765,-120.308,36.99,3.71,14434.4593378472,6,1977,7,9
"26017",26017,26017,-115.511,32.879,3.85,14537.3125628472,10,1977,10,20
"26726",26726,26726,-115.479,32.813,4.04,14562.0043716435,10,1977,11,14
"28385",28385,28385,-115.575,33.251,3.52,14646.4567572917,4.1,1978,2,6
"29706",29706,29706,-115.554,33.893,3.5,14710.8976662037,0.1,1978,4,11
"30574",30574,30574,-117.84,33.911,3.62,14764.0401256944,10.1,1978,6,4
"31633",31633,31633,-117.447,34.148,3.92,14831.9083333333,6.7,1978,8,11
"33541",33541,33541,-116.96,34.147,4.27,14933.2053116898,14.5,1978,11,20
"34997",34997,34997,-121.29,36.51,3.71,15018.7238041667,6,1979,2,13
"35626",35626,35626,-116.394,34.331,3.8,15048.973556713,7.2,1979,3,16
"38214",38214,38214,-121.489,36.7,3.54,15121.4781553241,6,1979,5,27
"39149",39149,39149,-116.892,34.238,3.51,15155.1646130787,8.7,1979,6,30
"39788",39788,39788,-121.635,36.963,3.77,15195.8929314815,6,1979,8,10
"40844",40844,40844,-115.333,32.5,3.5,15262.8505574074,8,1979,10,15
"40940",40940,40940,-115.565,32.968,3.73,15262.9103444444,10,1979,10,16
"41095",41095,41095,-115.579,32.957,4.58,15263.0278293981,10,1979,10,16
"41239",41239,41239,-115.537,32.906,3.99,15263.1285831019,10,1979,10,16
"41289",41289,41289,-115.577,32.965,3.85,15263.1685118056,6,1979,10,16
"41476",41476,41476,-115.519,32.904,3.53,15263.3128694444,10,1979,10,16
"41529",41529,41529,-115.538,32.903,3.97,15263.3765650463,10,1979,10,16
"42166",42166,42166,-115.492,33.056,3.5,15264.8247295139,3.9,1979,10,17
"44228",44228,44228,-115.516,32.891,3.99,15351.7580511574,17.9,1980,1,12
"45183",45183,45183,-121.573,36.648,3.58,15405.3779234954,0,1980,3,6
"46548",46548,46548,-115.219,32.432,3.52,15500.0547914352,6,1980,6,9
"47955",47955,47955,-121.606,35.638,3.83,15591.1448456018,6,1980,9,8
"49577",49577,49577,-121.528,36.972,3.67,15698.4171396991,6,1980,12,24
"51520",51520,51520,-117.755,35.837,4.03,15814.305862963,6,1981,4,19
"53871",53871,53871,-120.99,36.98,3.8,15845.598625,6,1981,5,20
"56693",56693,56693,-116.546,33.135,3.99,15951.8954020833,19.1,1981,9,4
"58312",58312,58312,-119.004,33.59,4.76,16001.6033109954,10,1981,10,23
"61707",61707,61707,-116.392,34.113,3.87,16126.1390258102,3.1,1982,2,25
"62602",62602,62602,-117.039,36.6,3.56,16145.2829920139,6,1982,3,16
"64569",64569,64569,-120.414,34.92,3.77,16190.155631713,6,1982,4,30
"68946",68946,68946,-116.751,33.648,3.9,16312.7079989583,17.2,1982,8,30
"70215",70215,70215,-117.735,35.746,3.71,16344.740568287,4.2,1982,10,1
"72312",72312,72312,-120.404,36.291,5.55,16368.8101140046,6,1982,10,25
"74237",74237,74237,-117.737,35.809,4.04,16435.2971413194,6,1982,12,31
"77149",77149,77149,-117.952,33.037,4.38,16488.0131891204,6,1983,2,22
"79063",79063,79063,-120.2,36.101,4.08,16557.8722119213,6,1983,5,2
"79077",79077,79077,-120.335,36.116,4.21,16557.9029694444,6,1983,5,3
"79092",79092,79092,-120.318,36.209,3.75,16558.0156533565,6,1983,5,3
"79114",79114,79114,-120.191,36.049,3.56,16558.1916135417,6,1983,5,3
"79139",79139,79139,-120.302,36.19,4.62,16558.5293046296,6,1983,5,3
"79205",79205,79205,-120.181,36.147,3.71,16559.5415009259,6,1983,5,4
"79357",79357,79357,-120.24,36.194,3.55,16562.931075,6,1983,5,8
"79644",79644,79644,-120.251,36.246,3.85,16569.0851048611,6,1983,5,14
"80008",80008,80008,-116.732,33.623,3.57,16582.3512498843,17.6,1983,5,27
"81033",81033,81033,-116.419,33.436,3.82,16620.1693341435,13.1,1983,7,4
"81414",81414,81414,-120.283,36.269,3.55,16633.7907237269,6,1983,7,17
"81583",81583,81583,-120.334,36.344,3.77,16638.0166947917,4.3,1983,7,22
"82530",82530,82530,-120.246,36.206,3.53,16659.1130263889,6,1983,8,12
"83176",83176,83176,-120.357,36.313,3.65,16679.8365511574,9.3,1983,9,1
"84574",84574,84574,-120.358,36.181,3.54,16722.7037422454,3.8,1983,10,14
"86494",86494,86494,-115.868,32.967,3.8,16750.6358197917,9.2,1983,11,11
"90051",90051,90051,-120.422,36.256,3.78,16827.1146475694,0,1984,1,27
"92663",92663,92663,-118.318,35.975,3.85,16883.267302662,0,1984,3,23
"94466",94466,94466,-119.618,34.249,3.52,16912.8769907407,12,1984,4,21
"95838",95838,95838,-115.323,32.409,3.75,16935.8381900463,6,1984,5,14
"97559",97559,97559,-120.8,34.918,4.05,16972.6865266204,6,1984,6,20
"101119",101119,101119,-120.279,36.127,3.73,17043.7374033565,15.8,1984,8,30
"102626",102626,102626,-116.703,33.666,3.92,17079.1928675926,18.6,1984,10,5
"106773",106773,106773,-116.529,34.046,3.77,17168.1426834491,8.9,1985,1,2
"109392",109392,109392,-116.402,33.985,3.89,17212.8937060185,2.3,1985,2,15
"113854",113854,113854,-116.801,33.523,3.71,17300.608402662,1.2,1985,5,14
"115928",115928,115928,-121.27,36.549,3.62,17344.0690262731,6,1985,6,27
"118273",118273,118273,-119.997,36.131,4.33,17383.4903694444,6,1985,8,5
"121970",121970,121970,-120.172,36.176,4.04,17447.8043038194,6,1985,10,8
"129410",129410,129410,-115.709,33.336,3.53,17626.6404994213,3.1,1986,4,5
"132820",132820,132820,-116.608,33.999,5.65,17720.2647475694,10.3,1986,7,8
"132911",132911,132911,-116.674,34.025,3.57,17720.3157886574,10.7,1986,7,8
"134318",134318,134318,-116.613,33.952,3.73,17724.9459243056,11.6,1986,7,13
"134663",134663,134663,-117.81,32.959,3.77,17726.179225463,6,1986,7,14
"135817",135817,135817,-117.808,32.96,3.61,17734.9989376157,6,1986,7,23
"136615",136615,136615,-116.696,34.041,3.56,17745.3593435185,12.9,1986,8,2
"139019",139019,139019,-115.094,32.439,3.65,17781.1532456019,6,1986,9,7
"140684",140684,140684,-117.786,32.952,3.52,17824.8166625,6,1986,10,20
"143490",143490,143490,-115.33,32.376,4.16,17934.333383912,6,1987,2,7
"144532",144532,144532,-120.299,36.223,3.51,17973.6251978009,6,1987,3,18
"147559",147559,147559,-118.272,33.699,3.65,18085.5808922454,7.8,1987,7,8
"150067",150067,150067,-118.083,34.067,3.62,18170.4901037037,9,1987,10,1
"150402",150402,150402,-118.098,34.074,5.25,18173.3334238426,8.3,1987,10,4
"152036",152036,152036,-115.82,33.036,4.54,18224.010475463,4.7,1987,11,24
"152169",152169,152169,-115.781,33.088,3.52,18224.1892597222,0.1,1987,11,24
"152338",152338,152338,-115.805,33.023,3.7,18224.4912638889,1,1987,11,24
"152513",152513,152513,-115.881,33.017,4.14,18224.7021983796,0,1987,11,24
"153601",153601,153601,-115.816,32.996,4.47,18226.9657425926,6.1,1987,11,27
"156455",156455,156455,-117.86,33.07,3.92,18266.2942461806,6,1988,1,5
"159082",159082,159082,-115.492,32.088,3.81,18342.1935138889,6,1988,3,21
"160227",160227,160227,-116.288,35.585,3.69,18380.1365449074,6,1988,4,28
"161675",161675,161675,-116.946,33.91,3.55,18431.4325847222,15.3,1988,6,18
"162905",162905,162905,-120.238,36.206,3.69,18474.3100996528,6,1988,7,31
"164473",164473,164473,-120.859,34.428,3.69,18529.1904420139,6,1988,9,24
"166502",166502,166502,-118.13,34.151,5.02,18599.402037963,14.3,1988,12,3
"168326",168326,168326,-119.088,35.098,3.73,18657.9437811343,28.6,1989,1,31
"169478",169478,169478,-115.624,33.171,3.66,18692.865562963,3,1989,3,6
"170547",170547,170547,-117.902,33.619,4.8,18724.7138880787,12.8,1989,4,7
"173422",173422,173422,-115.54,32.072,3.78,18819.210278588,6,1989,7,11
"178080",178080,178080,-117.035,33.807,3.54,18967.7193649306,15.3,1989,12,6
"179244",179244,179244,-118.219,35.225,3.74,19003.8815695602,3.4,1990,1,11
"180810",180810,180810,-117.716,34.132,3.68,19051.9864178241,9.6,1990,3,1
"182872",182872,182872,-116.154,33.881,3.61,19093.9259873843,4.2,1990,4,12
"184430",184430,184430,-116.966,34.43,3.57,19143.6109876157,3.5,1990,5,31
"186038",186038,186038,-116.414,33.325,4.11,19209.7691368056,5.2,1990,8,5
"189758",189758,189758,-118.846,35.374,4.25,19344.6230638889,6,1990,12,18
"192538",192538,192538,-118.263,33.471,3.58,19456.202659838,6.9,1991,4,9
"194873",194873,194873,-118.556,34.497,4.13,19543.6128096065,10.9,1991,7,5
"198308",198308,198308,-116.445,33.429,3.74,19653.4122092593,13.2,1991,10,23
"200888",200888,200888,-116.528,35.75,3.52,19748.6811733796,6,1992,1,26
"203534",203534,203534,-117.875,36.01,3.9,19799.414646875,2.6,1992,3,17
"204682",204682,204682,-116.325,33.943,4.01,19836.0998358796,5.3,1992,4,23
"204830",204830,204830,-116.321,33.938,3.53,19836.2584581019,9.4,1992,4,23
"205741",205741,205741,-116.313,33.944,3.55,19837.7069523148,3,1992,4,24
"206754",206754,206754,-116.302,33.933,4.35,19840.0082050926,0,1992,4,27
"207704",207704,207704,-116.093,34.021,3.96,19842.952234838,1.1,1992,4,30
"209752",209752,209752,-116.26,33.981,4.38,19854.9803314815,6.7,1992,5,12
"212310",212310,212310,-116.35,34.174,4.34,19884.8922315972,0.8,1992,6,11
"213283",213283,213283,-116.64,34.504,3.5,19902.3877208333,3.1,1992,6,28
"213296",213296,213296,-116.477,34.322,3.5,19902.4227483796,1.5,1992,6,28
"213312",213312,213312,-116.403,34.109,4.95,19902.452266088,6,1992,6,28
"213344",213344,213344,-116.86,34.17,4,19902.51226875,4.7,1992,6,28
"213357",213357,213357,-116.733,34.217,4.15,19902.537312037,0,1992,6,28
"213384",213384,213384,-116.813,34.162,3.62,19902.5702695602,7.2,1992,6,28
"213415",213415,213415,-116.862,34.225,4.16,19902.5985756944,1.4,1992,6,28
"213430",213430,213430,-116.751,34.218,4.46,19902.6173842593,1.2,1992,6,28
"213486",213486,213486,-116.393,34.091,3.65,19902.6761171296,2.9,1992,6,28
"213556",213556,213556,-116.782,34.197,4.12,19902.7444637731,10,1992,6,28
"213633",213633,213633,-116.402,34.085,3.51,19902.8208501157,5.4,1992,6,28
"213725",213725,213725,-117.362,35.16,4.67,19902.9296646991,4.2,1992,6,29
"213800",213800,213800,-116.8,35.362,4.15,19903.0256530093,10.8,1992,6,29
"213943",213943,213943,-116.678,34.617,3.71,19903.2032934028,0.4,1992,6,29
"214073",214073,214073,-116.615,34.601,4.47,19903.3648894676,6,1992,6,29
"214168",214168,214168,-116.418,34.103,4.24,19903.496255787,3.7,1992,6,29
"214252",214252,214252,-116.36,34.021,3.51,19903.619893287,3.7,1992,6,29
"214521",214521,214521,-116.952,34.997,3.82,19904.0615284722,0,1992,6,30
"214755",214755,214755,-116.353,34.018,3.79,19904.3936211806,0.1,1992,6,30
"214940",214940,214940,-116.395,34.117,3.82,19904.5735893519,8.2,1992,6,30
"215144",215144,215144,-116.987,34.078,4.48,19904.7843752315,4.6,1992,6,30
"215546",215546,215546,-116.939,34.969,4.19,19905.3127002315,0.3,1992,7,1
"215913",215913,215913,-116.468,34.343,3.58,19905.8661666667,1.2,1992,7,1
"216125",216125,216125,-116.857,34.138,3.63,19906.2062033565,3.1,1992,7,2
"216430",216430,216430,-116.458,34.384,3.91,19906.6492569444,2.6,1992,7,2
"216814",216814,216814,-116.812,34.179,3.66,19907.3862515046,10,1992,7,3
"217742",217742,217742,-116.276,36.685,4.44,19909.1629994213,6,1992,7,5
"218058",218058,218058,-116.301,34.585,4.43,19909.8154591435,6,1992,7,5
"218684",218684,218684,-116.715,34.246,3.89,19911.0759517361,1.3,1992,7,7
"219336",219336,219336,-118.079,33.485,3.7,19912.360515625,6,1992,7,8
"219735",219735,219735,-116.83,34.233,3.86,19913.1277615741,0.5,1992,7,9
"221397",221397,221397,-116.455,34.264,3.58,19916.8175981481,5.3,1992,7,12
"222085",222085,222085,-116.771,34.219,3.76,19918.506774537,2,1992,7,14
"222893",222893,222893,-116.922,34.937,3.64,19920.7908641204,0,1992,7,16
"224093",224093,224093,-116.942,34.977,3.64,19924.3164487269,4.4,1992,7,20
"225779",225779,225779,-116.94,34.976,3.65,19929.2227133102,0,1992,7,25
"228048",228048,228048,-116.456,34.325,3.55,19935.8179002315,6.8,1992,7,31
"230988",230988,230988,-116.374,34.06,4.3,19946.1331814815,0.7,1992,8,11
"232814",232814,232814,-116.877,34.194,3.61,19952.7514252315,12,1992,8,17
"235628",235628,235628,-116.47,34.455,4.36,19966.2681743056,11,1992,8,31
"237770",237770,237770,-116.973,35.03,3.76,19977.665874537,3.5,1992,9,11
"239229",239229,239229,-116.551,34.556,3.82,19984.58358125,3.6,1992,9,18
"242789",242789,242789,-116.797,34.944,4.52,20007.4018758102,2.7,1992,10,11
"247179",247179,247179,-117.106,34.008,3.72,20045.5074216435,12.6,1992,11,18
"248086",248086,248086,-116.905,34.364,4.15,20054.6895207176,1.1,1992,11,27
"249576",249576,249576,-116.934,34.97,3.5,20067.0187168981,0,1992,12,10
"251416",251416,251416,-116.306,33.946,3.72,20085.6673475694,4.5,1992,12,28
"256037",256037,256037,-117.22,34.012,3.81,20167.2065392361,9.1,1993,3,20
"258694",258694,258694,-116.929,34.953,3.53,20216.3738197917,0,1993,5,8
"261768",261768,261768,-115.984,32.715,3.6,20261.3445789352,0.7,1993,6,22
"265093",265093,265093,-116.321,34.029,5,20320.9493984954,9.1,1993,8,21
"268722",268722,268722,-116.464,34.388,3.51,20369.6461888889,5.6,1993,10,8
"271645",271645,271645,-115.7,35.957,3.61,20417.0326924769,6,1993,11,25
"274049",274049,274049,-116.7,34.672,3.69,20461.2134722222,4.2,1994,1,8
"274588",274588,274588,-118.54,34.265,4.89,20470.444553588,6,1994,1,17
"274604",274604,274604,-118.637,34.349,3.65,20470.4545990741,6,1994,1,17
"274619",274619,274619,-118.51,34.333,3.61,20470.4761627315,6,1994,1,17
"274640",274640,274640,-118.631,34.364,3.66,20470.5031180556,6,1994,1,17
"274684",274684,274684,-118.46,34.351,3.87,20470.5520454861,6,1994,1,17
"274759",274759,274759,-118.505,34.285,3.78,20470.6893298611,3,1994,1,17
"274805",274805,274805,-118.458,34.31,3.6,20470.7770135417,2.5,1994,1,17
"274862",274862,274862,-118.442,34.339,4.12,20470.8558259259,6,1994,1,17
"274934",274934,274934,-118.705,34.381,3.57,20470.9710770833,12.3,1994,1,18
"275155",275155,275155,-118.505,34.224,3.71,20471.3210447917,18.2,1994,1,18
"275448",275448,275448,-118.387,34.307,3.54,20471.9773581019,2.9,1994,1,19
"275729",275729,275729,-118.712,34.379,5.06,20472.7985907407,14.4,1994,1,19
"276455",276455,276455,-118.474,34.292,3.54,20474.7068168981,8.8,1994,1,21
"277814",277814,277814,-118.517,34.373,3.51,20479.6318572917,1.1,1994,1,26
"279369",279369,279369,-116.903,36.486,4.04,20487.924053125,6,1994,2,4
"282467",282467,282467,-115.251,32.303,3.55,20515.6447693287,6,1994,3,3
"286395",286395,286395,-120.35,36.307,3.6,20564.6289373843,6,1994,4,21
"289823",289823,289823,-121.054,36.574,3.6,20615.4746484954,10,1994,6,11
"293537",293537,293537,-115.28,32.342,4.63,20675.9745734954,6,1994,8,11
"298385",298385,298385,-115.376,32.174,3.58,20756.5244652778,10,1994,10,30
"300843",300843,300843,-117.659,35.699,3.66,20799.742366088,11.8,1994,12,12
"304612",304612,304612,-118.601,33.753,3.72,20878.5815591435,11.3,1995,3,1
"309866",309866,309866,-118.669,34.394,5.02,20995.2367890046,13.3,1995,6,26
"315126",315126,315126,-116.438,34.199,4.44,21066.7276394676,0,1995,9,5
"316739",316739,316739,-117.633,35.74,3.64,21082.4665415509,5.3,1995,9,21
"319678",319678,319678,-117.636,35.758,3.59,21097.6774755787,5.4,1995,10,6
"325764",325764,325764,-121.47,36.981,3.7,21165.1808591435,4,1995,12,13
"327563",327563,327563,-117.62,35.755,4.16,21191.290053588,1.9,1996,1,8
"329116",329116,329116,-117.664,35.789,4.18,21209.4628760417,4.7,1996,1,26
"334622",334622,334622,-121.633,36.902,3.7,21305.6500292824,6,1996,5,1
"340727",340727,340727,-117.145,33.906,3.84,21439.7630549769,14.1,1996,9,12
"343819",343819,343819,-116.314,33.953,4.46,21514.9883501157,6,1996,11,27
"346625",346625,346625,-116.89,33.76,3.95,21546.8623826389,13.1,1996,12,28
"349227",349227,349227,-119.719,34.404,3.51,21601.474937963,0,1997,2,21
"352306",352306,352306,-118.649,34.377,4.92,21666.3402547454,15.2,1997,4,27
"354177",354177,354177,-116.948,34.99,3.68,21706.7131833333,5.5,1997,6,6
"354976",354976,354976,-117.336,34.168,4.18,21728.7818834491,10,1997,6,28
"356837",356837,356837,-121.467,36.979,3.6,21767.3368857639,7,1997,8,6
"360417",360417,360417,-116.95,34.979,3.85,21859.1070959491,5.2,1997,11,6
"362285",362285,362285,-117.709,33.951,4.29,21919.676806713,11.5,1998,1,5
"364314",364314,364314,-117.62,36.079,3.67,21979.3708028935,1.4,1998,3,6
"367636",367636,367636,-118.667,34.352,3.79,22035.7521697917,14.2,1998,5,1
"370064",370064,370064,-116.088,33.224,4.07,22105.770641088,12.3,1998,7,10
"373221",373221,373221,-115.246,32.356,3.81,22201.4844168981,6,1998,10,14
"374192",374192,374192,-118.363,32.274,3.69,22228.5096998843,6,1998,11,10
"376672",376672,376672,-117.432,34.086,3.59,22309.8920614583,3,1999,1,30
"378948",378948,378948,-116.768,34.138,3.87,22390.6033291667,10.8,1999,4,21
"380463",380463,380463,-116.365,34.067,3.69,22433.5650074074,1.9,1999,6,3
"382082",382082,382082,-115.541,32.78,3.7,22483.9263005787,14.9,1999,7,24
"383685",383685,383685,-115.233,32.272,4.8,22532.4448126157,6,1999,9,10
"385009",385009,385009,-116.289,34.617,4.25,22568.2884787037,2.7,1999,10,16
"385026",385026,385026,-116.287,34.639,4.36,22568.2995200231,0,1999,10,16
"385043",385043,385043,-116.329,34.616,4.08,22568.3154712963,7,1999,10,16
"385065",385065,385065,-116.29,34.588,3.86,22568.3480070602,1.6,1999,10,16
"385089",385089,385089,-116.297,34.651,3.5,22568.3778309028,6,1999,10,16
"385125",385125,385125,-116.214,34.428,3.62,22568.4394740741,0,1999,10,16
"385197",385197,385197,-116.159,34.37,3.74,22568.5271186343,5,1999,10,16
"385272",385272,385272,-116.343,34.787,3.61,22568.6325237269,0,1999,10,16
"385543",385543,385543,-116.289,34.607,3.59,22569.0824708333,0,1999,10,17
"385770",385770,385770,-116.142,34.353,4.23,22569.5578452546,0.2,1999,10,17
"386071",386071,386071,-116.294,34.576,3.53,22570.2298732639,0,1999,10,18
"386582",386582,386582,-116.297,34.594,4.14,22571.3193115741,0.9,1999,10,19
"387225",387225,387225,-116.393,34.867,4.99,22572.9545864583,4,1999,10,21
"387666",387666,387666,-116.266,34.597,3.79,22574.3575611111,0,1999,10,22
"387764",387764,387764,-116.393,34.858,3.84,22574.7503019676,1.7,1999,10,22
"389447",389447,389447,-116.307,34.709,3.84,22582.3468369213,7,1999,10,30
"392042",392042,392042,-116.405,34.836,4.42,22597.5143407407,6.3,1999,11,14
"396244",396244,396244,-116.355,34.813,3.84,22639.7651748843,4.3,1999,12,26
"401032",401032,401032,-117.604,36.082,3.93,22706.5424037037,0.4,2000,3,2
"403273",403273,403273,-117.468,34.134,3.53,22744.1615061343,14,2000,4,9
"404563",404563,404563,-115.149,32.16,4.18,22767.1782386574,6,2000,5,2
"406487",406487,406487,-115.597,33.177,3.52,22798.475508912,1.8,2000,6,2
"409012",409012,409012,-116.407,34.819,3.73,22840.8089592593,4.8,2000,7,14
"414590",414590,414590,-115.321,32.38,3.56,22951.367958912,6,2000,11,2
"418485",418485,418485,-116.946,34.289,4.66,23051.7955487269,9.1,2001,2,10
"421993",421993,421993,-121.55,35.735,3.71,23144.9863137731,7,2001,5,15
"424636",424636,424636,-117.874,36.016,5.17,23208.3805061343,3,2001,7,17
"427713",427713,427713,-117.871,36.058,4.01,23218.9235965278,1.7,2001,7,28
"434614",434614,434614,-116.723,34.108,3.62,23355.820197338,9.3,2001,12,11
"436668",436668,436668,-117.704,32.301,3.67,23415.0297439815,7,2002,2,9
"438927",438927,438927,-116.295,34.524,4.39,23470.2523805556,5.6,2002,4,5
"443472",443472,443472,-117.776,33.917,4.75,23621.1731655093,12.9,2002,9,3
"444315",444315,444315,-117.305,35.946,3.99,23646.6333258102,3.5,2002,9,28
"446558",446558,446558,-115.202,32.367,4.21,23721.7945929398,7,2002,12,12
"448979",448979,448979,-116.857,34.326,4.01,23793.434528588,9.3,2003,2,22
"451443",451443,451443,-120.739,36.564,3.51,23851.5328326389,7,2003,4,21
"453902",453902,453902,-116.667,34.622,4.15,23936.1363469907,7.6,2003,7,15
"458152",458152,458152,-121.104,35.709,6.48,24096.7197498843,7,2003,12,22
"458200",458200,458200,-121.077,35.661,3.53,24097.0443313657,0,2003,12,23
"458356",458356,458356,-121.057,35.712,3.61,24099.6833584491,7.1,2003,12,25
"458683",458683,458683,-121.144,35.627,3.63,24109.1558006944,7,2004,1,4
"460624",460624,460624,-115.239,32.355,3.64,24174.7467175926,6,2004,3,9
"462639",462639,462639,-120.802,35.513,3.77,24228.4322891204,0.2,2004,5,2
"465663",465663,465663,-115.136,32.258,3.65,24307.0903569444,7,2004,7,20
"468064",468064,468064,-120.714,36.117,3.65,24375.5379164352,0,2004,9,26
"468287",468287,468287,-120.533,35.912,4.89,24379.6631934028,2.2,2004,9,30
"470311",470311,470311,-119.684,34.271,3.52,24447.7883633102,0.1,2004,12,7
"472774",472774,472774,-118.669,34.423,3.55,24544.7663974537,14.4,2005,3,14
"474617",474617,474617,-120.475,35.889,4.65,24607.1841168981,0.3,2005,5,16
"477444",477444,477444,-116.321,34.844,3.77,24668.0826547454,2.6,2005,7,16
"479369",479369,479369,-115.612,33.172,4.45,24714.8270099537,2,2005,8,31
"479860",479860,479860,-115.647,33.154,3.76,24715.9910315972,4.8,2005,9,2
"481232",481232,481232,-118.468,35.382,3.64,24738.8823934028,6,2005,9,25
"482366",482366,482366,-116.96,35.032,3.58,24773.2643650463,3.9,2005,10,29
"485133",485133,485133,-115.063,32.232,3.94,24874.6836291667,6,2006,2,7
"486865",486865,486865,-121.118,36.489,4.22,24927.4350701389,6,2006,4,1
"488405",488405,488405,-115.219,32.346,4.49,24984.3721385417,6,2006,5,28
"490844",490844,490844,-116.036,33.243,3.68,25054.9181944444,9.2,2006,8,7
"493933",493933,493933,-116.042,32.692,3.94,25154.4810716435,8.2,2006,11,14
"495088",495088,495088,-116.051,33.707,4.11,25194.0723204861,12.9,2006,12,24
"498304",498304,498304,-121.541,34.609,3.75,25309.3454475694,10,2007,4,18
"499923",499923,499923,-119.229,34.879,3.74,25356.2191997685,13.1,2007,6,4
"503204",503204,503204,-117.477,33.734,3.5,25449.5120074074,4.5,2007,9,5
"505817",505817,505817,-121.144,36.536,3.5,25534.1518381944,9.2,2007,11,29
"508162",508162,508162,-115.257,32.327,5.1,25608.6875018519,6,2008,2,11
"508519",508519,508519,-115.289,32.416,3.78,25611.02721875,6,2008,2,14
"509101",509101,509101,-115.955,32.658,3.54,25621.5097630787,13.6,2008,2,24
"511467",511467,511467,-116.454,33.443,4.19,25688.0389537037,10.8,2008,5,1
"513926",513926,513926,-115.269,32.101,3.57,25748.9123971065,6,2008,7,1
"518118",518118,518118,-114.518,36.215,3.7,25866.5374466435,6,2008,10,26
"519220",519220,519220,-117.329,35.973,3.86,25896.0917344907,1.2,2008,11,25
"520570",520570,520570,-121.279,36.673,3.86,25922.6500850694,6,2008,12,21
"521720",521720,521720,-115.753,32.119,3.59,25955.6563972222,12.1,2009,1,23
"522621",522621,522621,-117.305,35.983,3.68,25983.4303737269,1.9,2009,2,20
"525106",525106,525106,-115.64,33.198,3.79,26039.0816103009,5.2,2009,4,17
"528082",528082,528082,-120.943,35.63,4.4,26103.3981258102,6,2009,6,20
"530853",530853,530853,-117.861,36.388,3.64,26174.6350615741,2.1,2009,8,30
"532320",532320,532320,-117.869,36.394,3.5,26206.5060472222,4.1,2009,10,1
"532957",532957,532957,-117.836,36.414,3.98,26211.6299114583,1.7,2009,10,6
"534987",534987,534987,-116.052,33.248,3.56,26247.0589469907,3.9,2009,11,11
"536381",536381,536381,-115.109,32.379,3.58,26271.7695503472,6,2009,12,5
"537539",537539,537539,-115.237,32.55,3.88,26296.7675953704,6,2009,12,30
"539579",539579,539579,-117.525,32.049,4.4,26329.5140908565,6,2010,2,1
"541002",541002,541002,-121.538,36.813,3.6,26363.1768967593,6,2010,3,7
"541925",541925,541925,-115.229,32.354,4.16,26387.2645335648,6,2010,3,31
"542097",542097,542097,-115.742,32.539,3.85,26391.8328369213,5.6,2010,4,4
"542113",542113,542113,-115.79,32.558,3.58,26391.8497701389,5.2,2010,4,4
"542142",542142,542142,-115.784,32.616,3.61,26391.8710003472,2.3,2010,4,4
"542171",542171,542171,-115.337,32.274,3.76,26391.8920311343,10,2010,4,5
"542218",542218,542218,-115.432,32.248,4.2,26391.9216438657,10,2010,4,5
"542262",542262,542262,-115.213,32.139,4.09,26391.9467737269,10,2010,4,5
"542338",542338,542338,-115.795,32.656,3.52,26392.0021466435,0.2,2010,4,5
"542462",542462,542462,-115.212,32.164,3.73,26392.0669574074,10,2010,4,5
"542689",542689,542689,-115.287,32.227,3.69,26392.2314006944,10,2010,4,5
"542828",542828,542828,-115.81,32.695,3.67,26392.3480469907,5.5,2010,4,5
"543074",543074,543074,-115.65,32.454,3.64,26392.5015384259,0.7,2010,4,5
"543167",543167,543167,-115.265,32.036,3.69,26392.5758877315,10,2010,4,5
"543384",543384,543384,-115.859,32.684,3.52,26392.7557876157,1.5,2010,4,5
"543576",543576,543576,-115.797,32.615,3.65,26392.910990162,2.3,2010,4,6
"543739",543739,543739,-115.187,32.072,3.59,26393.0484728009,10,2010,4,6
"544025",544025,544025,-115.366,32.218,3.81,26393.2529625,10,2010,4,6
"544565",544565,544565,-115.86,32.705,3.55,26393.6684086806,5.2,2010,4,6
"545050",545050,545050,-115.913,32.731,3.58,26394.1029052083,1.7,2010,4,7
"545607",545607,545607,-115.253,32.215,3.68,26394.5849319444,10,2010,4,7
"546086",546086,546086,-115.098,32.182,3.93,26395.0435163194,10,2010,4,8
"547360",547360,547360,-115.357,32.331,3.66,26396.0661561343,10,2010,4,9
"548287",548287,548287,-115.097,32.049,3.81,26397.2412310185,10,2010,4,10
"548818",548818,548818,-115.084,32.021,4.17,26398.67659375,10,2010,4,11
"549485",549485,549485,-115.78,32.665,4.1,26401.3475608796,1,2010,4,14
"550012",550012,550012,-115.258,32.194,3.73,26403.428340162,32.5,2010,4,16
"550630",550630,550630,-115.407,32.313,3.67,26405.9536108796,14.2,2010,4,19
"552469",552469,552469,-115.266,32.181,3.83,26412.0918543981,13.6,2010,4,25
"553537",553537,553537,-115.309,32.276,3.57,26416.1210476852,14.4,2010,4,29
"554823",554823,554823,-115.016,32.013,3.78,26422.7787758102,10,2010,5,5
"555428",555428,555428,-119.268,35.008,4.27,26425.6830543981,17.2,2010,5,8
"556528",556528,556528,-119.04,34.084,3.9,26432.0135533565,16.9,2010,5,15
"557481",557481,557481,-115.855,32.677,4.42,26437.2686980324,5.5,2010,5,20
"558792",558792,558792,-115.33,32.281,3.71,26445.3227900463,5.8,2010,5,28
"560105",560105,560105,-115.058,32.04,3.98,26455.1619362269,10,2010,6,7
"561120",561120,561120,-115.921,32.7,5.72,26463.0607420139,5.4,2010,6,15
"561216",561216,561216,-115.956,32.709,4.35,26463.1074821759,5.5,2010,6,15
"562081",562081,562081,-115.974,32.728,3.56,26464.3299859954,3.4,2010,6,16
"564226",564226,564226,-118.44,35.482,3.74,26479.2027818287,2,2010,7,1
"567765",567765,567765,-115.257,32.148,3.85,26503.1859461806,6.3,2010,7,25
"569078",569078,569078,-120.429,34.724,3.65,26519.2884524306,1.1,2010,8,10
"570437",570437,570437,-115.293,32.18,4.28,26538.5376510417,10,2010,8,29
"572648",572648,572648,-116.492,33.147,3.94,26576.6240335648,4.2,2010,10,6
"574335",574335,574335,-118.155,33.778,3.71,26606.5466099537,18.4,2010,11,5
"576101",576101,576101,-116.471,33.139,3.91,26641.6980090278,10.6,2010,12,10
"577052",577052,577052,-115.62,33.186,3.58,26659.0367611111,4.1,2010,12,28
"579328",579328,579328,-115.284,32.171,4.08,26706.8928144676,13.5,2011,2,13
"581188",581188,581188,-115.228,32.339,4.35,26752.7245987269,10.7,2011,3,31
"582982",582982,582982,-115.162,32.046,3.56,26787.7000650463,10,2011,5,5
"585751",585751,585751,-117.983,33.053,3.66,26847.8584684028,6,2011,7,4
"588287",588287,588287,-121.273,36.574,3.7,26901.1822925926,6,2011,8,27
"590229",590229,590229,-115.287,32.15,3.8,26949.924156713,11.7,2011,10,15
"594624",594624,594624,-115.209,32.199,4.87,27072.3402554398,10,2012,2,14
"597875",597875,597875,-115.28,32.175,4.15,27146.7678015046,10,2012,4,28
"599220",599220,599220,-119.058,33.692,3.98,27178.0934078704,16.4,2012,5,30
"600761",600761,600761,-116.841,34.304,3.51,27214.637952662,7.3,2012,7,5
"602949",602949,602949,-115.548,33.017,3.95,27266.6782537037,9.2,2012,8,26
"603061",603061,603061,-115.535,33.037,4.25,27266.7610969907,4.7,2012,8,26
"603873",603873,603873,-117.788,33.906,4.13,27269.7302081019,9.2,2012,8,29
"606336",606336,606336,-120.858,36.315,3.6,27322.1932582176,9.9,2012,10,21
"609818",609818,609818,-115.238,32.325,3.64,27386.5871136574,10.6,2012,12,24
"614687",614687,614687,-116.443,33.495,3.68,27479.6371474537,8.8,2013,3,27
"618865",618865,618865,-115.321,32.228,3.58,27550.9092112269,3.3,2013,6,7
"622623",622623,622623,-118.288,35.479,3.6,27630.6665341435,3.5,2013,8,25
"625470",625470,625470,-115.163,32.386,3.65,27686.4171140046,17.7,2013,10,20
